{
  "prisma.config.ts": 1775085210.3262997,
  "next-env.d.ts": 1775069958.934676,
  "tailwind.config.ts": 1775069958.938647,
  "prisma/seed.ts": 1775157826.7816217,
  "src/middleware.ts": 1775147009.7241826,
  "src/types/next-auth.d.ts": 1775147009.7244635,
  "src/app/layout.tsx": 1775085689.324196,
  "src/app/not-found.tsx": 1775085726.2784472,
  "src/app/superadmin/layout.tsx": 1775147009.7204921,
  "src/app/superadmin/page.tsx": 1775147009.7210872,
  "src/app/superadmin/new/page.tsx": 1775147009.7208638,
  "src/app/superadmin/[id]/page.tsx": 1775147009.7202456,
  "src/app/admin/(dashboard)/layout.tsx": 1775147009.7141786,
  "src/app/admin/(dashboard)/page.tsx": 1775160864.5227368,
  "src/app/admin/(dashboard)/customers/page.tsx": 1775417153.3047729,
  "src/app/admin/(dashboard)/settings/page.tsx": 1775147009.716801,
  "src/app/admin/(dashboard)/options/page.tsx": 1775498917.9825501,
  "src/app/admin/(dashboard)/products/page.tsx": 1775162964.2846768,
  "src/app/admin/(dashboard)/products/new/page.tsx": 1775498917.983652,
  "src/app/admin/(dashboard)/products/[id]/page.tsx": 1775498917.9831653,
  "src/app/admin/(dashboard)/brands/page.tsx": 1775160273.053931,
  "src/app/admin/(dashboard)/coupons/page.tsx": 1775417174.3350215,
  "src/app/admin/(dashboard)/orders/page.tsx": 1775147009.7144845,
  "src/app/admin/(dashboard)/promos/page.tsx": 1775498917.9840357,
  "src/app/admin/(dashboard)/categories/page.tsx": 1775160158.9818022,
  "src/app/admin/login/page.tsx": 1775147009.7171853,
  "src/app/api/auth/[...nextauth]/route.ts": 1775147009.7189217,
  "src/app/api/payment/webhook/route.ts": 1776108539.7956247,
  "src/app/api/payment/create-order/route.ts": 1775416803.704088,
  "src/app/api/superadmin/tenants/route.ts": 1775147009.7197976,
  "src/app/api/superadmin/tenants/[id]/route.ts": 1775147009.7195544,
  "src/app/api/admin/settings/route.ts": 1775147009.7185557,
  "src/app/api/admin/options/route.ts": 1775498917.9849873,
  "src/app/api/admin/options/[id]/route.ts": 1775498917.98466,
  "src/app/api/admin/products/route.ts": 1775498917.9857545,
  "src/app/api/admin/products/[id]/route.ts": 1775498917.9853806,
  "src/app/api/admin/brands/route.ts": 1775160325.112717,
  "src/app/api/admin/brands/[id]/route.ts": 1775160338.8860714,
  "src/app/api/admin/coupons/route.ts": 1775417234.139031,
  "src/app/api/admin/coupons/[id]/route.ts": 1775417244.7200198,
  "src/app/api/admin/orders/[id]/route.ts": 1776108547.4220176,
  "src/app/api/admin/promos/route.ts": 1775498917.9862494,
  "src/app/api/admin/promos/[id]/route.ts": 1775498917.9860604,
  "src/app/api/admin/categories/route.ts": 1775160232.9616811,
  "src/app/api/admin/categories/[id]/route.ts": 1775160247.0826335,
  "src/app/api/admin/upload/route.ts": 1775415255.1537092,
  "src/app/api/search/route.ts": 1775498917.987371,
  "src/app/api/orders/route.ts": 1776108531.9551754,
  "src/app/api/orders/track/route.ts": 1776107995.4950726,
  "src/app/api/promo/validate/route.ts": 1775498917.9870338,
  "src/app/(store)/layout.tsx": 1775147009.712649,
  "src/app/(store)/page.tsx": 1775085839.8569114,
  "src/app/(store)/order-confirmed/page.tsx": 1776108049.8298807,
  "src/app/(store)/products/page.tsx": 1775498917.981962,
  "src/app/(store)/products/[id]/page.tsx": 1775159455.5618587,
  "src/app/(store)/checkout/page.tsx": 1775498917.9811742,
  "src/app/(store)/cart/page.tsx": 1775147009.7114582,
  "src/app/(store)/orders/track/page.tsx": 1776108042.6855073,
  "src/components/Navbar.tsx": 1775498917.9884586,
  "src/components/PriceRangeSlider.tsx": 1775498917.9886672,
  "src/components/SortSelect.tsx": 1775498917.989291,
  "src/components/FilterDrawer.tsx": 1775498917.9876883,
  "src/components/ProductCard.tsx": 1775159374.2344234,
  "src/components/AddToCartButton.tsx": 1775147009.7213025,
  "src/components/FilterSidebar.tsx": 1775498917.988108,
  "src/components/RazorpayButton.tsx": 1775417630.2505603,
  "src/components/PromoInput.tsx": 1775498917.9888551,
  "src/components/VariantSelector.tsx": 1775159447.4188685,
  "src/components/SearchModal.tsx": 1775498917.9891067,
  "src/components/superadmin/TenantToggle.tsx": 1775498917.9923599,
  "src/components/admin/OrderStatusSelect.tsx": 1775147009.7223508,
  "src/components/admin/ImageUploader.tsx": 1775415854.6217432,
  "src/components/admin/SettingsForm.tsx": 1775498917.9918242,
  "src/components/admin/OrderStatusBadge.tsx": 1775147009.7221427,
  "src/components/admin/AdminSidebar.tsx": 1775498917.9897187,
  "src/components/admin/CouponManager.tsx": 1775417197.0783803,
  "src/components/admin/PromoManager.tsx": 1775498917.9911313,
  "src/components/admin/CategoryManager.tsx": 1775160186.8165402,
  "src/components/admin/ProductForm.tsx": 1775498917.9907053,
  "src/components/admin/BrandManager.tsx": 1775415680.9877822,
  "src/components/admin/OptionTypeManager.tsx": 1775498917.9901865,
  "src/lib/cart-context.tsx": 1775147009.7234063,
  "src/lib/products.ts": 1775498917.9931886,
  "src/lib/tenant.ts": 1775085313.8122976,
  "src/lib/promo-utils.ts": 1775498917.9934886,
  "src/lib/cart.ts": 1775147009.7235572,
  "src/lib/db.ts": 1775085296.2155726,
  "src/lib/auth.ts": 1775147009.7232482,
  "src/lib/options.ts": 1775498917.992579,
  "src/lib/promo.ts": 1775498917.993753,
  "README.md": 1775069958.934694,
  "CLAUDE.md": 1775758618.6330976,
  "docs/PLANNING.md": 1776107938.5187485,
  "docs/ARCHITECTURE.md": 1775758667.7537851,
  "docs/SYSTEMS.md": 1775758681.4839246,
  "docs/DEVELOPMENT.md": 1775758696.0132828
}